SeriesInstanceUID,SOPInstanceUID,coordinates,location
1.2.826.0.1.3680043.8.498.44759787826643682749003517202115793631,1.2.826.0.1.3680043.8.498.67620077686524846013960150135931343417,"{'x': 324.6896551724138, 'y': 201.6551724137931}",Left Middle Cerebral Artery
